model,accuracy,precision,recall,f1,roc_auc,pr_auc,average_precision,recall_at_fpr_0.001,prevalence,tp,fp,tn,fn
Logistic Regression,0.9635661188478349,0.0839003310040456,0.8508158508158508,0.15273883751098463,0.9670023341351835,0.30265452028627243,0.30162704018251074,0.19533799533799534,0.0038598644278853163,1825,19927,533647,320
Random Forest,0.9964010588084985,0.6923076923076923,0.12167832167832168,0.20697858842188738,0.9742447578807306,0.286066393283053,0.2833733162969378,0.14420270396270396,0.0038598644278853163,261,116,553458,1884
Gradient Boosted Trees,0.9853685045859508,0.09455432132213493,0.3254079254079254,0.14653091214443162,0.9722056047692729,0.21832368016807271,0.21839267826271982,0.16363636363636364,0.0038598644278853163,698,6684,546890,1447
XGBoost,0.9948103268018549,0.2564271588661833,0.18135198135198136,0.21245221190606225,0.9583743697018526,0.22799364736756145,0.2280535666768454,0.16456876456876457,0.0038598644278853163,389,1128,552446,1756
LightGBM,0.9965846048092651,0.6329386437029063,0.27412587412587414,0.38256343526350034,0.9836794592238308,0.5021639186467514,0.5022550457388192,0.3571095571095571,0.0038598644278853163,588,341,553233,1557
